insert into constituency_election_result values(11,120191,89319,4,0,89323,4,18)
GO
insert into constituency_election_result values(12,163577,118179,6,0,118185,5,11)
GO
insert into constituency_election_result values(13,138466,110083,18,0,110101,4,20)
GO
insert into constituency_election_result values(14,141031,105172,4,0,105176,6,13)
GO
insert into constituency_election_result values(15,147793,119562,20,0,119582,1,12)
GO
insert into constituency_election_result values(16,176019,132912,9,0,132921,8,19)
GO
insert into constituency_election_result values(17,218351,115869,190,0,116059,3,21)
GO
insert into constituency_election_result values(18,164184,133146,1,0,133147,6,14)
GO
insert into constituency_election_result values(19,167337,120132,8,0,120140,0,15)
GO
insert into constituency_election_result values(20,154216,113894,13,0,113907,0,16)
GO
insert into constituency_election_result values(21,147438,116450,1,0,116451,6,17)
GO
insert into candidate (candidate_id,firstname,lastname) values (108,'CHANDRASEKHARA REDDY','MEKAPATI')
GO
insert into candidate (candidate_id,firstname,lastname) values (109,'VIJAYARAMI REDDY','KAMBHAM')
GO
insert into candidate (candidate_id,firstname,lastname) values (110,'RAMREDDY','OBULREDDY')
GO
insert into candidate (candidate_id,firstname,lastname) values (111,'VENKATESWARAREDDY','KAMBHAM')
GO
insert into candidate (candidate_id,firstname,lastname) values (112,'RAMANA REDDY','GOPIREDDY')
GO
insert into candidate (candidate_id,firstname,lastname) values (113,'RANGA REDDY','KANDULA')
GO
insert into candidate (candidate_id,firstname,lastname) values (114,'NARASIMHULU','RAMADASU')
GO
insert into candidate (candidate_id,firstname,lastname) values (115,'VENGAIAH','YANMALA')
GO
insert into candidate (candidate_id,firstname,lastname) values (116,'RAMANJANEYULU','GANTIPALLI')
GO
insert into candidate (candidate_id,firstname,lastname) values (117,'KONDALA RAO','MALLAMPATI')
GO
insert into candidate (candidate_id,firstname,lastname) values (118,'PEDA BRAHMAIAH','BHEEMAVARAM')
GO
insert into candidate (candidate_id,firstname,lastname) values (119,'RAM REDDY','PADMANABHAREDDY')
GO
insert into candidate (candidate_id,firstname,lastname) values (120,'MAGUNTA','PARVATHAMMA')
GO
insert into candidate (candidate_id,firstname,lastname) values (121,'JANAKIRAM','MADALA')
GO
insert into candidate (candidate_id,firstname,lastname) values (122,'SATYANARAYANA','GONUGUNTA')
GO
insert into candidate (candidate_id,firstname,lastname) values (123,'VENKATESWARLU','GOCHIPATHALA')
GO
insert into candidate (candidate_id,firstname,lastname) values (124,'MUSHTAK','SHAIK')
GO
insert into candidate (candidate_id,firstname,lastname) values (125,'MURALIDHAR RAO','ANNADATHA')
GO
insert into candidate (candidate_id,firstname,lastname) values (126,'INDRASENA','NALAGALA')
GO
insert into candidate (candidate_id,firstname,lastname) values (127,'NAGARAJU','AMBATI')
GO
insert into candidate (candidate_id,firstname,lastname) values (128,'VENKAIAH','JAKKA')
GO
insert into candidate (candidate_id,firstname,lastname) values (129,'BABU','CHEMUDUGUNTA')
GO
insert into candidate (candidate_id,firstname,lastname) values (130,'SUBBA RAO','YAKASIRI')
GO
insert into candidate (candidate_id,firstname,lastname) values (131,'SRIHARI','EDURU')
GO
insert into candidate (candidate_id,firstname,lastname) values (132,'VENKATA RAMANAIAH','VALPULA')
GO
insert into candidate (candidate_id,firstname,lastname) values (133,'DEVASENAIAH','NAGIREDDY')
GO
insert into candidate (candidate_id,firstname,lastname) values (134,'DEVAKUMAR REDDY','CHEVURU')
GO
insert into candidate (candidate_id,firstname,lastname) values (135,'KRISHNAIAH','BOLLINENI')
GO
insert into candidate (candidate_id,firstname,lastname) values (136,'SUNDARARAMI REDDY','DR.BOMMIREDDY')
GO
insert into candidate (candidate_id,firstname,lastname) values (137,'VENKATA SESHA REDDY','VEERAPUREDDY')
GO
insert into candidate (candidate_id,firstname,lastname) values (138,'SREENIVASULU REDDY','DEVARAPALLI')
GO
insert into candidate (candidate_id,firstname,lastname) values (139,'GIRI NAIDU','TALLURU')
GO
insert into candidate (candidate_id,firstname,lastname) values (140,'RAMA NAIDU','DONKALA')
GO
insert into candidate (candidate_id,firstname,lastname) values (141,'VENKATA SESHA REDDY','PIDIKITI')
GO
insert into candidate (candidate_id,firstname,lastname) values (142,'SRIHARI NAIDU','POKANTI')
GO
insert into candidate (candidate_id,firstname,lastname) values (143,'SRINIVASULU REDDY','YELLASIRI')
GO
insert into candidate (candidate_id,firstname,lastname) values (144,'SUBRAMANYAM','SANNIBOINA')
GO
insert into candidate (candidate_id,firstname,lastname) values (145,'CHINA PENCHALAIAH','INDLA')
GO
insert into candidate (candidate_id,firstname,lastname) values (146,'RATHNAIAH','ALLAM')
GO
insert into candidate (candidate_id,firstname,lastname) values (147,'CHENCHAIAH','ALLAM')
GO
insert into candidate (candidate_id,firstname,lastname) values (148,'SURESH REDDY','SANNAPAREDDY')
GO
insert into candidate (candidate_id,firstname,lastname) values (149,'PRATAP','GUNNAM')
GO
insert into candidate (candidate_id,firstname,lastname) values (150,'RADHAKRISHNA MURTHY','POTHANABOINA')
GO
insert into candidate (candidate_id,firstname,lastname) values (151,'NARASIMHULU','GUDIPATI')
GO
insert into candidate (candidate_id,firstname,lastname) values (152,'RAGHURAM','SINGARAJU')
GO
insert into candidate (candidate_id,firstname,lastname) values (153,'ARUNA','BUDAMAGUNTA')
GO
insert into candidate (candidate_id,firstname,lastname) values (154,'VENKATA KRISHNA REDDY','PENUBAKA')
GO
insert into candidate (candidate_id,firstname,lastname) values (155,'RAMANAIAH','PAMULA')
GO
insert into candidate (candidate_id,firstname,lastname) values (156,'SUDHAKARA REDDY','NALLAREDDI')
GO
insert into candidate (candidate_id,firstname,lastname) values (157,'NAGESWARA RAO','YANAMALA')
GO
insert into candidate (candidate_id,firstname,lastname) values (158,'SREENIVASULU','CHATLA')
GO
insert into candidate (candidate_id,firstname,lastname) values (159,'CHANDRASEKHARA REDDY','NELLORE')
GO
insert into candidate (candidate_id,firstname,lastname) values (160,'VENKATA RAMANAIAH','JANJAM')
GO
insert into candidate (candidate_id,firstname,lastname) values (161,'KAMALAKARA REDDY','KODURU')
GO
insert into candidate (candidate_id,firstname,lastname) values (162,'PRAKASA RAO','PATRA')
GO
insert into candidate (candidate_id,firstname,lastname) values (163,'RAJESWARAMMA','DR.VUKKALA')
GO
insert into candidate (candidate_id,firstname,lastname) values (164,'KESAVULU','RAYAPU')
GO
insert into candidate (candidate_id,firstname,lastname) values (165,'KONDAIAH','MALAPATI')
GO
insert into candidate (candidate_id,firstname,lastname) values (166,'LAKSHMAMMA','PALEPU')
GO
insert into candidate (candidate_id,firstname,lastname) values (167,'SUBHRAMANYAM','NELAVALA')
GO
insert into candidate (candidate_id,firstname,lastname) values (168,'VENKATA RATNAIAH','PARASA')
GO
insert into candidate (candidate_id,firstname,lastname) values (169,'CHENGAIAH','KYLASAM')
GO
insert into candidate (candidate_id,firstname,lastname) values (170,'MURALI','LEBAKAM')
GO
insert into candidate (candidate_id,firstname,lastname) values (171,'MATAMMA','KURUGONDA')
GO
insert into candidate (candidate_id,firstname,lastname) values (172,'VISWANADAM','VATEMBETI')
GO
insert into candidate (candidate_id,firstname,lastname) values (173,'GANGA PRASAD','PASALA')
GO
insert into candidate (candidate_id,firstname,lastname) values (174,'RAJYALAKSHMI','NEDURUMALLI')
GO
insert into candidate (candidate_id,firstname,lastname) values (175,'BHASKARA SAIKRISHNA YACHENDRA','V')
GO
insert into candidate (candidate_id,firstname,lastname) values (176,'RAMESH','DONTHU')
GO
insert into candidate (candidate_id,firstname,lastname) values (177,'KALENDRA PRASAD','ALIMILI')
GO
insert into candidate (candidate_id,firstname,lastname) values (178,'CHANDRASEKHAR YADAV','MUTCHAKALA')
GO
insert into candidate (candidate_id,firstname,lastname) values (179,'NAIDU','S.C.V')
GO
insert into candidate (candidate_id,firstname,lastname) values (180,'GOPALA KRISHNA REDDY','BOJJALA')
GO
insert into candidate (candidate_id,firstname,lastname) values (181,'MADHAVAIAH','IRLA')
GO
insert into candidate (candidate_id,firstname,lastname) values (182,'CHALAPATHI','KAYYURI')
GO
insert into candidate (candidate_id,firstname,lastname) values (183,'CHANDRA SEKHAR','KAYYURI')
GO
insert into nomination (nomination_id, candidate_id,consti_elec_id,party_id) values (108,108,10,1)
GO
insert into nomination (nomination_id, candidate_id,consti_elec_id,party_id) values (109,109,10,11)
GO
insert into nomination (nomination_id, candidate_id,consti_elec_id,party_id) values (110,110,10,13)
GO
insert into nomination (nomination_id, candidate_id,consti_elec_id,party_id) values (111,111,10,13)
GO
insert into nomination (nomination_id, candidate_id,consti_elec_id,party_id) values (112,112,10,13)
GO
insert into nomination (nomination_id, candidate_id,consti_elec_id,party_id) values (113,105,10,13)
GO
insert into nomination (nomination_id, candidate_id,consti_elec_id,party_id) values (114,113,10,13)
GO
insert into nomination (nomination_id, candidate_id,consti_elec_id,party_id) values (115,114,10,13)
GO
insert into nomination (nomination_id, candidate_id,consti_elec_id,party_id) values (116,115,10,13)
GO
insert into nomination (nomination_id, candidate_id,consti_elec_id,party_id) values (117,116,10,13)
GO
insert into nomination (nomination_id, candidate_id,consti_elec_id,party_id) values (118,117,10,13)
GO
insert into nomination (nomination_id, candidate_id,consti_elec_id,party_id) values (119,118,10,13)
GO
insert into nomination (nomination_id, candidate_id,consti_elec_id,party_id) values (120,119,10,13)
GO
insert into nomination (nomination_id, candidate_id,consti_elec_id,party_id) values (122,120,11,1)
GO
insert into nomination (nomination_id, candidate_id,consti_elec_id,party_id) values (123,121,11,11)
GO
insert into nomination (nomination_id, candidate_id,consti_elec_id,party_id) values (124,122,11,14)
GO
insert into nomination (nomination_id, candidate_id,consti_elec_id,party_id) values (125,123,11,13)
GO
insert into nomination (nomination_id, candidate_id,consti_elec_id,party_id) values (126,124,11,13)
GO
insert into nomination (nomination_id, candidate_id,consti_elec_id,party_id) values (128,2,20,1)
GO
insert into nomination (nomination_id, candidate_id,consti_elec_id,party_id) values (129,1,20,11)
GO
insert into nomination (nomination_id, candidate_id,consti_elec_id,party_id) values (130,125,20,13)
GO
insert into nomination (nomination_id, candidate_id,consti_elec_id,party_id) values (131,126,20,6)
GO
insert into nomination (nomination_id, candidate_id,consti_elec_id,party_id) values (132,127,20,13)
GO
insert into nomination (nomination_id, candidate_id,consti_elec_id,party_id) values (134,23,13,1)
GO
insert into nomination (nomination_id, candidate_id,consti_elec_id,party_id) values (135,22,13,11)
GO
insert into nomination (nomination_id, candidate_id,consti_elec_id,party_id) values (136,128,13,5)
GO
insert into nomination (nomination_id, candidate_id,consti_elec_id,party_id) values (137,129,13,3)
GO
insert into nomination (nomination_id, candidate_id,consti_elec_id,party_id) values (138,130,13,13)
GO
insert into nomination (nomination_id, candidate_id,consti_elec_id,party_id) values (139,131,13,44)
GO
insert into nomination (nomination_id, candidate_id,consti_elec_id,party_id) values (140,132,13,13)
GO
insert into nomination (nomination_id, candidate_id,consti_elec_id,party_id) values (141,133,13,13)
GO
insert into nomination (nomination_id, candidate_id,consti_elec_id,party_id) values (142,134,13,13)
GO
insert into nomination (nomination_id, candidate_id,consti_elec_id,party_id) values (144,12,12,13)
GO
insert into nomination (nomination_id, candidate_id,consti_elec_id,party_id) values (145,135,12,2)
GO
insert into nomination (nomination_id, candidate_id,consti_elec_id,party_id) values (146,136,12,1)
GO
insert into nomination (nomination_id, candidate_id,consti_elec_id,party_id) values (147,137,12,13)
GO
insert into nomination (nomination_id, candidate_id,consti_elec_id,party_id) values (148,138,12,13)
GO
insert into nomination (nomination_id, candidate_id,consti_elec_id,party_id) values (149,139,12,13)
GO
insert into nomination (nomination_id, candidate_id,consti_elec_id,party_id) values (150,140,12,13)
GO
insert into nomination (nomination_id, candidate_id,consti_elec_id,party_id) values (151,141,12,13)
GO
insert into nomination (nomination_id, candidate_id,consti_elec_id,party_id) values (152,142,12,13)
GO
insert into nomination (nomination_id, candidate_id,consti_elec_id,party_id) values (154,11,19,1)
GO
insert into nomination (nomination_id, candidate_id,consti_elec_id,party_id) values (155,143,19,11)
GO
insert into nomination (nomination_id, candidate_id,consti_elec_id,party_id) values (156,144,19,54)
GO
insert into nomination (nomination_id, candidate_id,consti_elec_id,party_id) values (157,145,19,13)
GO
insert into nomination (nomination_id, candidate_id,consti_elec_id,party_id) values (158,146,19,13)
GO
insert into nomination (nomination_id, candidate_id,consti_elec_id,party_id) values (159,147,19,13)
GO
insert into nomination (nomination_id, candidate_id,consti_elec_id,party_id) values (161,45,21,1)
GO
insert into nomination (nomination_id, candidate_id,consti_elec_id,party_id) values (162,148,21,2)
GO
insert into nomination (nomination_id, candidate_id,consti_elec_id,party_id) values (163,149,21,3)
GO
insert into nomination (nomination_id, candidate_id,consti_elec_id,party_id) values (164,44,21,13)
GO
insert into nomination (nomination_id, candidate_id,consti_elec_id,party_id) values (165,150,21,6)
GO
insert into nomination (nomination_id, candidate_id,consti_elec_id,party_id) values (166,151,21,13)
GO
insert into nomination (nomination_id, candidate_id,consti_elec_id,party_id) values (168,56,14,1)
GO
insert into nomination (nomination_id, candidate_id,consti_elec_id,party_id) values (169,57,14,11)
GO
insert into nomination (nomination_id, candidate_id,consti_elec_id,party_id) values (170,59,14,3)
GO
insert into nomination (nomination_id, candidate_id,consti_elec_id,party_id) values (171,152,14,13)
GO
insert into nomination (nomination_id, candidate_id,consti_elec_id,party_id) values (172,153,14,6)
GO
insert into nomination (nomination_id, candidate_id,consti_elec_id,party_id) values (173,154,14,13)
GO
insert into nomination (nomination_id, candidate_id,consti_elec_id,party_id) values (174,155,14,13)
GO
insert into nomination (nomination_id, candidate_id,consti_elec_id,party_id) values (175,156,14,13)
GO
insert into nomination (nomination_id, candidate_id,consti_elec_id,party_id) values (176,157,14,44)
GO
insert into nomination (nomination_id, candidate_id,consti_elec_id,party_id) values (177,158,14,13)
GO
insert into nomination (nomination_id, candidate_id,consti_elec_id,party_id) values (178,159,14,13)
GO
insert into nomination (nomination_id, candidate_id,consti_elec_id,party_id) values (179,160,14,13)
GO
insert into nomination (nomination_id, candidate_id,consti_elec_id,party_id) values (180,161,14,13)
GO
insert into nomination (nomination_id, candidate_id,consti_elec_id,party_id) values (182,162,15,1)
GO
insert into nomination (nomination_id, candidate_id,consti_elec_id,party_id) values (183,163,15,11)
GO
insert into nomination (nomination_id, candidate_id,consti_elec_id,party_id) values (184,164,15,3)
GO
insert into nomination (nomination_id, candidate_id,consti_elec_id,party_id) values (185,165,15,13)
GO
insert into nomination (nomination_id, candidate_id,consti_elec_id,party_id) values (186,166,15,13)
GO
insert into nomination (nomination_id, candidate_id,consti_elec_id,party_id) values (188,167,16,1)
GO
insert into nomination (nomination_id, candidate_id,consti_elec_id,party_id) values (189,168,16,11)
GO
insert into nomination (nomination_id, candidate_id,consti_elec_id,party_id) values (190,169,16,3)
GO
insert into nomination (nomination_id, candidate_id,consti_elec_id,party_id) values (191,170,16,13)
GO
insert into nomination (nomination_id, candidate_id,consti_elec_id,party_id) values (192,171,16,13)
GO
insert into nomination (nomination_id, candidate_id,consti_elec_id,party_id) values (193,172,16,13)
GO
insert into nomination (nomination_id, candidate_id,consti_elec_id,party_id) values (194,173,16,13)
GO
insert into nomination (nomination_id, candidate_id,consti_elec_id,party_id) values (195,82,16,13)
GO
insert into nomination (nomination_id, candidate_id,consti_elec_id,party_id) values (197,174,17,1)
GO
insert into nomination (nomination_id, candidate_id,consti_elec_id,party_id) values (198,175,17,11)
GO
insert into nomination (nomination_id, candidate_id,consti_elec_id,party_id) values (199,176,17,3)
GO
insert into nomination (nomination_id, candidate_id,consti_elec_id,party_id) values (200,177,17,62)
GO
insert into nomination (nomination_id, candidate_id,consti_elec_id,party_id) values (201,178,17,6)
GO
insert into candidate_result values(108,10,108,55076)
GO
insert into candidate_result values(109,10,109,32001)
GO
insert into candidate_result values(110,10,110,821)
GO
insert into candidate_result values(111,10,111,343)
GO
insert into candidate_result values(112,10,112,175)
GO
insert into candidate_result values(113,10,113,146)
GO
insert into candidate_result values(114,10,114,145)
GO
insert into candidate_result values(115,10,115,135)
GO
insert into candidate_result values(116,10,116,128)
GO
insert into candidate_result values(117,10,117,111)
GO
insert into candidate_result values(118,10,118,108)
GO
insert into candidate_result values(119,10,119,72)
GO
insert into candidate_result values(120,10,120,58)
GO
insert into candidate_result values(121,11,122,68167)
GO
insert into candidate_result values(122,11,123,47018)
GO
insert into candidate_result values(123,11,124,1006)
GO
insert into candidate_result values(124,11,125,797)
GO
insert into candidate_result values(125,11,126,403)
GO
insert into candidate_result values(126,20,128,60760)
GO
insert into candidate_result values(127,20,129,47388)
GO
insert into candidate_result values(128,20,130,927)
GO
insert into candidate_result values(129,20,131,659)
GO
insert into candidate_result values(130,20,132,349)
GO
insert into candidate_result values(131,13,134,45270)
GO
insert into candidate_result values(132,13,135,44790)
GO
insert into candidate_result values(133,13,136,10769)
GO
insert into candidate_result values(134,13,137,2126)
GO
insert into candidate_result values(135,13,138,590)
GO
insert into candidate_result values(136,13,139,477)
GO
insert into candidate_result values(137,13,140,454)
GO
insert into candidate_result values(138,13,141,406)
GO
insert into candidate_result values(139,13,142,290)
GO
insert into candidate_result values(140,12,144,43347)
GO
insert into candidate_result values(141,12,145,38950)
GO
insert into candidate_result values(142,12,146,32686)
GO
insert into candidate_result values(143,12,147,1969)
GO
insert into candidate_result values(144,12,148,769)
GO
insert into candidate_result values(145,12,149,709)
GO
insert into candidate_result values(146,12,150,495)
GO
insert into candidate_result values(147,12,151,328)
GO
insert into candidate_result values(148,12,152,309)
GO
insert into candidate_result values(149,19,154,67607)
GO
insert into candidate_result values(150,19,155,61769)
GO
insert into candidate_result values(151,19,156,1110)
GO
insert into candidate_result values(152,19,157,949)
GO
insert into candidate_result values(153,19,158,795)
GO
insert into candidate_result values(154,19,159,682)
GO
insert into candidate_result values(155,21,161,67635)
GO
insert into candidate_result values(156,21,162,45863)
GO
insert into candidate_result values(157,21,163,1239)
GO
insert into candidate_result values(158,21,164,485)
GO
insert into candidate_result values(159,21,165,407)
GO
insert into candidate_result values(160,21,166,240)
GO
insert into candidate_result values(161,14,168,67783)
GO
insert into candidate_result values(162,14,169,60158)
GO
insert into candidate_result values(163,14,170,1847)
GO
insert into candidate_result values(164,14,171,790)
GO
insert into candidate_result values(165,14,172,544)
GO
insert into candidate_result values(166,14,173,412)
GO
insert into candidate_result values(167,14,174,337)
GO
insert into candidate_result values(168,14,175,310)
GO
insert into candidate_result values(169,14,176,289)
GO
insert into candidate_result values(170,14,177,187)
GO
insert into candidate_result values(171,14,178,182)
GO
insert into candidate_result values(172,14,179,179)
GO
insert into candidate_result values(173,14,180,128)
GO
insert into candidate_result values(174,15,182,62809)
GO
insert into candidate_result values(175,15,183,53978)
GO
insert into candidate_result values(176,15,184,1575)
GO
insert into candidate_result values(177,15,185,962)
GO
insert into candidate_result values(178,15,186,808)
GO
insert into candidate_result values(179,16,188,56939)
GO
insert into candidate_result values(180,16,189,48124)
GO
insert into candidate_result values(181,16,190,4007)
GO
insert into candidate_result values(182,16,191,1799)
GO
insert into candidate_result values(183,16,192,940)
GO
insert into candidate_result values(184,16,193,847)
GO
insert into candidate_result values(185,16,194,687)
GO
insert into candidate_result values(186,16,195,551)
GO
insert into candidate_result values(187,17,197,57830)
GO
insert into candidate_result values(188,17,198,51135)
GO
insert into candidate_result values(189,17,199,5624)
GO
insert into candidate_result values(190,17,200,1023)
GO
insert into candidate_result values(191,17,201,838)
GO
insert into candidate_result values(192,9,85,69731)
GO
insert into candidate_result values(193,9,86,62965)
GO
insert into candidate_result values(194,9,87,19970)
GO
insert into candidate_result values(195,9,88,1898)
GO
insert into candidate_result values(196,9,89,1520)
GO
insert into candidate_result values(197,9,90,1361)
GO
insert into candidate_result values(198,9,91,1240)
GO
insert into candidate_result values(199,9,92,697)
GO
insert into candidate_result values(200,9,93,469)
GO
insert into candidate_result values(201,10,94,55870)
GO
insert into candidate_result values(202,10,95,1308)
GO
insert into candidate_result values(203,10,96,69352)
GO
insert into candidate_result values(204,10,97,1747)
GO
insert into candidate_result values(205,10,98,326)
GO
insert into candidate_result values(206,10,99,540)
GO
insert into candidate_result values(207,10,100,14512)
GO
insert into candidate_result values(208,10,101,286)
GO
insert into candidate_result values(209,10,102,1827)
GO
insert into candidate_result values(210,10,103,309)
GO
insert into candidate_result values(211,10,104,240)
GO
insert into candidate_result values(212,10,105,388)
GO
insert into candidate_result values(213,10,106,516)
GO
insert into candidate_result values(214,10,107,586)
GO
