insert into party (party_id,long_name,short_name,party_recognization) values(1,'Indian National Congress','INC','NP')
GO
insert into party (party_id,long_name,short_name,party_recognization) values(2,'Bharatiya Janata Party','BJP','NP')
GO
insert into party (party_id,long_name,short_name,party_recognization) values(3,'Bahujan Samaj Party','BSP','NP')
GO
insert into party (party_id,long_name,short_name,party_recognization) values(4,'Communist Party of India','CPI','NP')
GO
insert into party (party_id,long_name,short_name,party_recognization) values(5,'Communist Party of India (Marxist)','CPM','NP')
GO
insert into party (party_id,long_name,short_name,party_recognization) values(6,'Samajwadi Party','SP','NP')
GO
insert into party (party_id,long_name,short_name,party_recognization) values(7,'Samata Party','SP','NP')
GO
insert into party (party_id,long_name,short_name,party_recognization) values(8,'Rashtriya Janata Dal','RJD','NP')
GO
insert into party (party_id,long_name,short_name,party_recognization) values(9,'Praja Rajyam Party','PRP','')
GO
insert into party (party_id,long_name,short_name,party_recognization) values(10,'Telangana Rashtra Samithi','TRS','SP')
GO
insert into party (party_id,long_name,short_name,party_recognization) values(11,'Telugu Desam','TDP','SP')
GO
insert into party (party_id,long_name,short_name,party_recognization) values(12,'Lok Satta Party','','')
GO
insert into party (party_id,long_name,short_name,party_recognization) values(13,'Independent','IND','')
GO
insert into party (party_id,long_name,short_name,party_recognization) values(14,'Pyramid Party of India','PPOI','')
GO
insert into party (party_id,long_name,short_name,party_recognization) values(15,'Janata Dal (Secular)','JD(S)','')
GO
insert into party (party_id,long_name,short_name,party_recognization) values(16,'Bahujan Samaj Party(Ambedkar-Phule)','','')
GO
insert into party (party_id,long_name,short_name,party_recognization) values(17,'Trilinga Praja Pragati Party','','')
GO
insert into party (party_id,long_name,short_name,party_recognization) values(18,'Marxist Communist Party of India (S.S.Srivastava)','','')
GO
insert into party (party_id,long_name,short_name,party_recognization) values(19,'Muslim League Kerala State Committee','MUL','')
GO
insert into party (party_id,long_name,short_name,party_recognization) values(20,'Bharateeya Sadharma Samsthapana Party','','')
GO
insert into party (party_id,long_name,short_name,party_recognization) values(21,'Ajeya Bharat Party (Independent)','','')
GO
insert into party (party_id,long_name,short_name,party_recognization) values(22,'Janata Dal (United)','','')
GO
insert into party (party_id,long_name,short_name,party_recognization) values(23,'Republican Party of India (A)','','')
GO
insert into party (party_id,long_name,short_name,party_recognization) values(24,'Rashtriya Krantikari Samajwadi Party','','')
GO
insert into party (party_id,long_name,short_name,party_recognization) values(25,'Great India Party','','')
GO
insert into party (party_id,long_name,short_name,party_recognization) values(26,'Mana Party','','')
GO
insert into party (party_id,long_name,short_name,party_recognization) values(27,'Ambedkar National Congress','ANC','')
GO
insert into party (party_id,long_name,short_name,party_recognization) values(28,'Akhil Bharatiya Jan Sangh','ABJS','')
GO
insert into party (party_id,long_name,short_name,party_recognization) values(29,'All India Forward Block','','')
GO
insert into party (party_id,long_name,short_name,party_recognization) values(30,'Dalita Bahujana Party','','')
GO
insert into party (party_id,long_name,short_name,party_recognization) values(31,'Andhra Pradesh Navodaya Praja Party','','')
GO
insert into party (party_id,long_name,short_name,party_recognization) values(32,'All India Majlis-E-Ittehadul Muslimeen','AIMIM','')
GO
insert into party (party_id,long_name,short_name,party_recognization) values(33,'Praja Shanthi Party','','')
GO
insert into party (party_id,long_name,short_name,party_recognization) values(34,'United Women Front','','')
GO
insert into party (party_id,long_name,short_name,party_recognization) values(35,'Shiv Sena','','')
GO
insert into party (party_id,long_name,short_name,party_recognization) values(36,'Revolutionary Socialist Party','','')
GO
insert into party (party_id,long_name,short_name,party_recognization) values(37,'Samajwadi Janata Party (Rashtriya)','','')
GO
insert into party (party_id,long_name,short_name,party_recognization) values(38,'Republican Party of India (Khobragade)','','')
GO
insert into party (party_id,long_name,short_name,party_recognization) values(39,'Rashtriya Praja Congress (Secular)','RPC(S)','')
GO
insert into party (party_id,long_name,short_name,party_recognization) values(40,'Communist Party of India (Marxist)','CPM','')
GO
insert into party (party_id,long_name,short_name,party_recognization) values(41,'Majils Bachao Tahreek','','')
GO
insert into party (party_id,long_name,short_name,party_recognization) values(42,'Kranti Kari Jai Hind Sena','','')
GO
insert into party (party_id,long_name,short_name,party_recognization) values(43,'Jai Maha Bharath Party','','')
GO
insert into party (party_id,long_name,short_name,party_recognization) values(44,'B.C.United Front','','')
GO
insert into party (party_id,long_name,short_name,party_recognization) values(45,'Rajyadhikara Party','','')
GO
insert into party (party_id,long_name,short_name,party_recognization) values(46,'Indian Justice Party','IJP','')
GO
insert into party (party_id,long_name,short_name,party_recognization) values(47,'Ajeya Bharat Party','','')
GO
insert into party (party_id,long_name,short_name,party_recognization) values(48,'Republican Party of India','RPI','')
GO
insert into party (party_id,long_name,short_name,party_recognization) values(49,'Praja Bharath Party','','')
GO
insert into party (party_id,long_name,short_name,party_recognization) values(50,'Praja Party','PP','')
GO
insert into party (party_id,long_name,short_name,party_recognization) values(51,'Bharatiya Jan Shakti','','')
GO
insert into party (party_id,long_name,short_name,party_recognization) values(52,'Rayalaseema Rastra Samithi','','')
GO
insert into party (party_id,long_name,short_name,party_recognization) values(53,'Bahujan Republican Party','BJRP','')
GO
insert into party (party_id,long_name,short_name,party_recognization) values(54,'Bharatiya Rashtravadi Paksha','BRP','')
GO
insert into party (party_id,long_name,short_name,party_recognization) values(55,'Bahujan Samaj Party (Ambedkar)','BSP(A)','')
GO
insert into party (party_id,long_name,short_name,party_recognization) values(56,'Indigenous Nationalist Party of Twipra','INPT','')
GO
insert into party (party_id,long_name,short_name,party_recognization) values(57,'Janata Party','JP','')
GO
insert into party (party_id,long_name,short_name,party_recognization) values(58,'Lok Jan Shakti Party','LJNSP','')
GO
insert into party (party_id,long_name,short_name,party_recognization) values(59,'Majlis Bachao Tahreek','MBT','')
GO
insert into party (party_id,long_name,short_name,party_recognization) values(60,'Marxist Communist Party of India (S.S. Srivastava)','MCPI(S)','')
GO
insert into party (party_id,long_name,short_name,party_recognization) values(61,'Mudiraj Rashtriya Samithi','MRS','')
GO
insert into party (party_id,long_name,short_name,party_recognization) values(62,'NTR Telugu Desam Party (Lakshmi Parvathi)','NTRTDP(LP)','')
GO
insert into party (party_id,long_name,short_name,party_recognization) values(63,'Peoples Republican Party','PRBP','')
GO
insert into party (party_id,long_name,short_name,party_recognization) values(64,'Republican Party of India(A)','RPI(A)','')
GO
insert into party (party_id,long_name,short_name,party_recognization) values(65,'Republican Party Of India(Khobragade)','RPI(KH)','')
GO
insert into party (party_id,long_name,short_name,party_recognization) values(66,'Samajwadi Janata Party(Rashtriya)','SJP(R)','')
GO
insert into party (party_id,long_name,short_name,party_recognization) values(67,'Telangana Congress Party','TCP','')
GO
insert into party (party_id,long_name,short_name,party_recognization) values(68,'Telangana Praja Party','TGPP','')
GO
insert into election (election_id, election_scope_id, election_year) values (1,1,'2004') 
GO
insert into election (election_id, election_scope_id, election_year) values (2,1,'2009') 
GO
insert into election (election_id, election_scope_id, election_year) values (3,2,'2004') 
GO
insert into election (election_id, election_scope_id, election_year) values (4,2,'2009') 
GO
insert into constituency (constituency_id, name, election_scope_id,deform_date,state_id,district_id,country_id) values (1,'Kavali',2,null,1,15,1)
GO
insert into constituency (constituency_id, name, election_scope_id,deform_date,state_id,district_id,country_id) values (2,'Atmakuru',2,null,1,15,1)
GO
insert into constituency (constituency_id, name, election_scope_id,deform_date,state_id,district_id,country_id) values (3,'Kovuru',2,null,1,15,1)
GO
insert into constituency (constituency_id, name, election_scope_id,deform_date,state_id,district_id,country_id) values (4,'Nellore City',2,null,1,15,1)
GO
insert into constituency (constituency_id, name, election_scope_id,deform_date,state_id,district_id,country_id) values (5,'Nellore Rural',2,null,1,15,1)
GO
insert into constituency (constituency_id, name, election_scope_id,deform_date,state_id,district_id,country_id) values (6,'Sarvepalli',2,null,1,15,1)
GO
insert into constituency (constituency_id, name, election_scope_id,deform_date,state_id,district_id,country_id) values (7,'Gudur',2,null,1,15,1)
GO
insert into constituency (constituency_id, name, election_scope_id,deform_date,state_id,district_id,country_id) values (8,'Sullurpeta',2,null,1,15,1)
GO
insert into constituency (constituency_id, name, election_scope_id,deform_date,state_id,district_id,country_id) values (9,'Venkatagiri',2,null,1,15,1)
GO
insert into constituency (constituency_id, name, election_scope_id,deform_date,state_id,district_id,country_id) values (10,'Udayagiri',2,null,1,15,1)
GO
insert into constituency (constituency_id, name, election_scope_id,deform_date,state_id,district_id,country_id) values (11,'Rapur',2,'2008-12-30',1,15,1)
GO
insert into constituency (constituency_id, name, election_scope_id,deform_date,state_id,district_id,country_id) values (12,'Allur',2,'2008-12-30',1,15,1)
GO
insert into constituency (constituency_id, name, election_scope_id,deform_date,state_id,district_id,country_id) values (13,'Nellore',2,'2008-12-30',1,15,1)
GO
insert into constituency_election (consti_elec_id,constituency_id, election_id) values (1,1,4)
GO
insert into constituency_election (consti_elec_id,constituency_id, election_id) values (2,2,4)
GO
insert into constituency_election (consti_elec_id,constituency_id, election_id) values (3,3,4)
GO
insert into constituency_election (consti_elec_id,constituency_id, election_id) values (4,4,4)
GO
insert into constituency_election (consti_elec_id,constituency_id, election_id) values (5,5,4)
GO
insert into constituency_election (consti_elec_id,constituency_id, election_id) values (6,6,4)
GO
insert into constituency_election (consti_elec_id,constituency_id, election_id) values (7,7,4)
GO
insert into constituency_election (consti_elec_id,constituency_id, election_id) values (8,8,4)
GO
insert into constituency_election (consti_elec_id,constituency_id, election_id) values (9,9,4)
GO
insert into constituency_election (consti_elec_id,constituency_id, election_id) values (10,10,4)
GO
insert into constituency_election (consti_elec_id,constituency_id, election_id) values (11,1,3)
GO
insert into constituency_election (consti_elec_id,constituency_id, election_id) values (12,2,3)
GO
insert into constituency_election (consti_elec_id,constituency_id, election_id) values (13,3,3)
GO
insert into constituency_election (consti_elec_id,constituency_id, election_id) values (14,6,3)
GO
insert into constituency_election (consti_elec_id,constituency_id, election_id) values (15,7,3)
GO
insert into constituency_election (consti_elec_id,constituency_id, election_id) values (16,8,3)
GO
insert into constituency_election (consti_elec_id,constituency_id, election_id) values (17,9,3)
GO
insert into constituency_election (consti_elec_id,constituency_id, election_id) values (18,10,3)
GO
insert into constituency_election (consti_elec_id,constituency_id, election_id) values (19,11,3)
GO
insert into constituency_election (consti_elec_id,constituency_id, election_id) values (20,12,3)
GO
insert into constituency_election (consti_elec_id,constituency_id, election_id) values (21,13,3)
GO
insert into candidate (candidate_id,firstname,lastname) values (1,'MASTHAN RAO','BEEDA')
GO
insert into candidate (candidate_id,firstname,lastname) values (2,'VISHNUVARDHAN REDDY','KATAM REDDY')
GO
insert into candidate (candidate_id,firstname,lastname) values (3,'PRATAP KUMAR REDDY','RAMIREDDY')
GO
insert into candidate (candidate_id,firstname,lastname) values (4,'VENKATA SATYANARAYANA','KANDUKURI')
GO
insert into candidate (candidate_id,firstname,lastname) values (5,' KRISHNA REDDY','RAMIREDDY')
GO
insert into candidate (candidate_id,firstname,lastname) values (6,'PRASAD','CHEVURU')
GO
insert into candidate (candidate_id,firstname,lastname) values (7,'MALAKONDA REDDY','KATAMAREDDY')
GO
insert into candidate (candidate_id,firstname,lastname) values (8,'SIVA KUMAR REDDY','K')
GO
insert into candidate (candidate_id,firstname,lastname) values (9,'VENKATA SUBBAIAH','MUTLURU')
GO
insert into candidate (candidate_id,firstname,lastname) values (10,'VENKATA SUBBAMMA','B')
GO
insert into candidate (candidate_id,firstname,lastname) values (11,'RAMA NARAYANA REDDY','ANAM')
GO
insert into candidate (candidate_id,firstname,lastname) values (12,'LAKSHMAIAH NAIDU','KOMMI')
GO
insert into candidate (candidate_id,firstname,lastname) values (13,'SHAIK','KHAJAVALI')
GO
insert into candidate (candidate_id,firstname,lastname) values (14,'RAMAKRISHNAIAH','CHENNUPALLI')
GO
insert into candidate (candidate_id,firstname,lastname) values (15,'BASHA','SHAIK')
GO
insert into candidate (candidate_id,firstname,lastname) values (16,'SIRIVELLA','RAMADEVI')
GO
insert into candidate (candidate_id,firstname,lastname) values (17,'PRABHAKAR NAIDU','PEMMASANI')
GO
insert into candidate (candidate_id,firstname,lastname) values (18,'CHANDRA MOULI','KILARI')
GO
insert into candidate (candidate_id,firstname,lastname) values (19,'VENKATA SUBBAIAH','PIDIKITI')
GO
insert into candidate (candidate_id,firstname,lastname) values (20,'VENU GOPAL REDDY','DEVARAPALLI')
GO
insert into candidate (candidate_id,firstname,lastname) values (21,'VIJAYA BHASKAR REDDY','GUNDALA')
GO
insert into candidate (candidate_id,firstname,lastname) values (22,'PRASANNA KUMAR REDDY','NALLAPAREDDY')
GO
insert into candidate (candidate_id,firstname,lastname) values (23,'SRINIVASULU REDDY','POLAMREDDY')
GO
insert into candidate (candidate_id,firstname,lastname) values (24,'MUNEMMA','THUPAKULA')
GO
insert into candidate (candidate_id,firstname,lastname) values (25,'NAGESWARA RAO','MANNEPALLI')
GO
insert into candidate (candidate_id,firstname,lastname) values (26,'SUDHAKAR','CHENUKULA')
GO
insert into candidate (candidate_id,firstname,lastname) values (27,'RAGHU','TUPAKULA')
GO
insert into candidate (candidate_id,firstname,lastname) values (28,'SRINIVASULU','TUPAKULA')
GO
insert into candidate (candidate_id,firstname,lastname) values (29,'VENKATESWARLU','CHINNI')
GO
insert into candidate (candidate_id,firstname,lastname) values (30,'VIJAYAMMA','TALARI')
GO
insert into candidate (candidate_id,firstname,lastname) values (31,'RAVI','MANDA')
GO
insert into candidate (candidate_id,firstname,lastname) values (32,'SURESH','GUBBA')
GO
insert into candidate (candidate_id,firstname,lastname) values (33,'SRIDHAR KRISHNA REDDY','MUNGAMURU')
GO
insert into candidate (candidate_id,firstname,lastname) values (34,'ANIL KUMAR','POLUBOINA')
GO
insert into candidate (candidate_id,firstname,lastname) values (35,'RAMESH REDDY','TALLAPAKA')
GO
insert into candidate (candidate_id,firstname,lastname) values (36,'VIJAYA LAKSHMI','MANUKONDA')
GO
insert into candidate (candidate_id,firstname,lastname) values (37,'BHASKAR','VEMPULURI')
GO
insert into candidate (candidate_id,firstname,lastname) values (38,'ZIAUL HAQ','MOHAMMED')
GO
insert into candidate (candidate_id,firstname,lastname) values (39,'HUSNARA BEGUM','SHAIK')
GO
insert into candidate (candidate_id,firstname,lastname) values (40,'BALASUBRAMANYA SASTRI','RAVURI')
GO
insert into candidate (candidate_id,firstname,lastname) values (41,'RAVINDRA BABU','TADAKAPALLI')
GO
insert into candidate (candidate_id,firstname,lastname) values (42,'NARAYANA','CHATLA')
GO
insert into candidate (candidate_id,firstname,lastname) values (43,'PAPA RAO','REBBA')
GO
insert into candidate (candidate_id,firstname,lastname) values (44,'SUBBAIAH','PANDITI')
GO
insert into candidate (candidate_id,firstname,lastname) values (45,'VIVEKANANDA REDDY','ANAM')
GO
insert into candidate (candidate_id,firstname,lastname) values (46,'VENKATA RAMANA REDDY','ANAM')
GO
insert into candidate (candidate_id,firstname,lastname) values (47,'BHANU RAJU P','T')
GO
insert into candidate (candidate_id,firstname,lastname) values (48,'K. REDDY','M')
GO
insert into candidate (candidate_id,firstname,lastname) values (49,'ANJANEYA REDDY ','KARNATI')
GO
insert into candidate (candidate_id,firstname,lastname) values (50,'NAGESWARA RAO YADAV','YANAMALA')
GO
insert into candidate (candidate_id,firstname,lastname) values (51,'GEETHA','A')
GO
insert into candidate (candidate_id,firstname,lastname) values (52,'SURESH KUMAR','SARVEPALLI')
GO
insert into candidate (candidate_id,firstname,lastname) values (53,'RAJASEKHAR REDDY','KALAVAKURU')
GO
insert into candidate (candidate_id,firstname,lastname) values (54,'S. SHARMA','P')
GO
insert into candidate (candidate_id,firstname,lastname) values (55,'SHAMEEM','SHAIK')
GO
insert into candidate (candidate_id,firstname,lastname) values (56,'PRABHAKARA REDDY','ADALA ')
GO
insert into candidate (candidate_id,firstname,lastname) values (57,'CHANDRA MOHAN REDDY','SOMIREDDY')
GO
insert into candidate (candidate_id,firstname,lastname) values (58,'VENKATA SESHA REDDY','CHITTOORU')
GO
insert into candidate (candidate_id,firstname,lastname) values (59,'CHENGAL RAO','ENAMALA')
GO
insert into candidate (candidate_id,firstname,lastname) values (60,'SREENIVASULU REDDY','VEEREPALLI')
GO
insert into candidate (candidate_id,firstname,lastname) values (61,'SUNDARARAMIREDDY','KONDA')
GO
insert into candidate (candidate_id,firstname,lastname) values (62,'PRABHAKAR REDDY','ENUGU')
GO
insert into candidate (candidate_id,firstname,lastname) values (63,'KRISHNAPATNAM','BHASKAR')
GO
insert into candidate (candidate_id,firstname,lastname) values (64,'MALLAREDDY','MEDA')
GO
insert into candidate (candidate_id,firstname,lastname) values (65,'PRAMEELA','KAKUMANI')
GO
insert into candidate (candidate_id,firstname,lastname) values (66,'CHINA MASTHANAIAH','TALARI')
GO
insert into candidate (candidate_id,firstname,lastname) values (67,'AUDISESHAIAH','EPURU')
GO
insert into candidate (candidate_id,firstname,lastname) values (68,'DURGA PRASAD RAO','BALLI')
GO
insert into candidate (candidate_id,firstname,lastname) values (69,'KRISHNAIAH','PANABAKA')
GO
insert into candidate (candidate_id,firstname,lastname) values (70,'BABU RAVINDRA','MANAPATI')
GO
insert into candidate (candidate_id,firstname,lastname) values (71,'SEENAIAH','INGILALA')
GO
insert into candidate (candidate_id,firstname,lastname) values (72,'VENKATA KRISHNAIAH','KUNDURTHI')
GO
insert into candidate (candidate_id,firstname,lastname) values (73,'KRISHNAIAH','MANDA ')
GO
insert into candidate (candidate_id,firstname,lastname) values (74,'AMARAVATHAMMA','MYLARI')
GO
insert into candidate (candidate_id,firstname,lastname) values (75,'SRINIVASULU','BANDI')
GO
insert into candidate (candidate_id,firstname,lastname) values (76,'VENKATA RATHNAIAH','PARASA ')
GO
insert into candidate (candidate_id,firstname,lastname) values (77,'SARASWATHI','VINNAMALA')
GO
insert into candidate (candidate_id,firstname,lastname) values (78,'ESWARAMMA','GARIKA')
GO
insert into candidate (candidate_id,firstname,lastname) values (79,'RAMACHANDRAIAH','UDDURU')
GO
insert into candidate (candidate_id,firstname,lastname) values (80,'KANCHIRAJU','PELLAKURU')
GO
insert into candidate (candidate_id,firstname,lastname) values (81,'SURYANARAYANA','DEGALA')
GO
insert into candidate (candidate_id,firstname,lastname) values (82,'CHINA GANGAIAH','PANABAKA')
GO
insert into candidate (candidate_id,firstname,lastname) values (83,'SRINIVASULU','CHILAKALA')
GO
insert into candidate (candidate_id,firstname,lastname) values (84,'VENKATA KRISHNA PRASAD','OREPALLI')
GO
insert into candidate (candidate_id,firstname,lastname) values (85,'RAMA KRISHNA','KURUGONDLA')
GO
insert into candidate (candidate_id,firstname,lastname) values (86,'RAJYA LAKSHMI','NEDURUMALLI')
GO
insert into candidate (candidate_id,firstname,lastname) values (87,'MURALI YADAV','MERAGA')
GO
insert into candidate (candidate_id,firstname,lastname) values (88,'VENKATA ANUPKUMAR REDDY','YERRAMREDDY')
GO
insert into candidate (candidate_id,firstname,lastname) values (89,'SUBRAMANYAM','MODIBOYINA')
GO
insert into candidate (candidate_id,firstname,lastname) values (90,'VENKATASWAMY','DAVALA')
GO
insert into candidate (candidate_id,firstname,lastname) values (91,'MASTHNAIAH','PALEPU')
GO
insert into candidate (candidate_id,firstname,lastname) values (92,'VENKATA SREEDHAR BABU','DESABHATLA')
GO
insert into candidate (candidate_id,firstname,lastname) values (93,'GOPALU','KATARI')
GO
insert into candidate (candidate_id,firstname,lastname) values (94,'VIJAYA RAMI REDDY','KAMBAM')
GO
insert into candidate (candidate_id,firstname,lastname) values (95,'PUSHPANJALI','KRAKUTURI')
GO
insert into candidate (candidate_id,firstname,lastname) values (96,'CHANDRA SEKHAR REDDY','MEKAPATI')
GO
insert into candidate (candidate_id,firstname,lastname) values (97,'ANKAIAH CHOWDARY','MAKKENA')
GO
insert into candidate (candidate_id,firstname,lastname) values (98,'CHENCHU NAIDU','MALEPATI')
GO
insert into candidate (candidate_id,firstname,lastname) values (99,'MALYADRI','SIRIVELLA ')
GO
insert into candidate (candidate_id,firstname,lastname) values (100,'ANJANADRI','SUNKARA')
GO
insert into candidate (candidate_id,firstname,lastname) values (101,'CHINNA VENGALA REDDY','ANNAPEREDDY')
GO
insert into candidate (candidate_id,firstname,lastname) values (102,'VENKATA SUBBAREDDY','BIJIVEMULA')
GO
insert into candidate (candidate_id,firstname,lastname) values (103,'KRISHNA REDDY','MALLAVARAPU')
GO
insert into candidate (candidate_id,firstname,lastname) values (104,'SUBBARAO','MATURI')
GO
insert into candidate (candidate_id,firstname,lastname) values (105,'SRINIVASULU REDDY','RAMIREDDY')
GO
insert into candidate (candidate_id,firstname,lastname) values (106,'KRISHNAIAH','VADLAPALLI')
GO
insert into candidate (candidate_id,firstname,lastname) values (107,'VENKATESWARA REDDY','SINGAVARAPU')
GO
insert into nomination (nomination_id, candidate_id,consti_elec_id,party_id) values (1,1,1,11)
Go
insert into nomination (nomination_id, candidate_id,consti_elec_id,party_id) values (2,2,1,1)
Go
insert into nomination (nomination_id, candidate_id,consti_elec_id,party_id) values (3,3,1,9)
Go
insert into nomination (nomination_id, candidate_id,consti_elec_id,party_id) values (4,4,1,2)
Go
insert into nomination (nomination_id, candidate_id,consti_elec_id,party_id) values (5,5,1,3)
Go
insert into nomination (nomination_id, candidate_id,consti_elec_id,party_id) values (6,6,1,13)
Go
insert into nomination (nomination_id, candidate_id,consti_elec_id,party_id) values (7,7,1,14)
Go
insert into nomination (nomination_id, candidate_id,consti_elec_id,party_id) values (8,8,1,13)
Go
insert into nomination (nomination_id, candidate_id,consti_elec_id,party_id) values (9,9,1,13)
Go
insert into nomination (nomination_id, candidate_id,consti_elec_id,party_id) values (10,10,1,13)
Go
insert into nomination (nomination_id, candidate_id,consti_elec_id,party_id) values (11,11,2,1)
Go
insert into nomination (nomination_id, candidate_id,consti_elec_id,party_id) values (12,12,2,11)
Go
insert into nomination (nomination_id, candidate_id,consti_elec_id,party_id) values (13,13,2,9)
Go
insert into nomination (nomination_id, candidate_id,consti_elec_id,party_id) values (14,14,2,3)
Go
insert into nomination (nomination_id, candidate_id,consti_elec_id,party_id) values (15,15,2,13)
Go
insert into nomination (nomination_id, candidate_id,consti_elec_id,party_id) values (16,16,2,14)
Go
insert into nomination (nomination_id, candidate_id,consti_elec_id,party_id) values (17,17,2,13)
Go
insert into nomination (nomination_id, candidate_id,consti_elec_id,party_id) values (18,18,2,13)
Go
insert into nomination (nomination_id, candidate_id,consti_elec_id,party_id) values (19,19,2,13)
Go
insert into nomination (nomination_id, candidate_id,consti_elec_id,party_id) values (20,20,2,13)
Go
insert into nomination (nomination_id, candidate_id,consti_elec_id,party_id) values (21,21,2,13)
Go
insert into nomination (nomination_id, candidate_id,consti_elec_id,party_id) values (22,22,3,11)
Go
insert into nomination (nomination_id, candidate_id,consti_elec_id,party_id) values (23,23,3,1)
Go
insert into nomination (nomination_id, candidate_id,consti_elec_id,party_id) values (24,24,3,9)
Go
insert into nomination (nomination_id, candidate_id,consti_elec_id,party_id) values (25,25,3,3)
Go
insert into nomination (nomination_id, candidate_id,consti_elec_id,party_id) values (26,26,3,12)
Go
insert into nomination (nomination_id, candidate_id,consti_elec_id,party_id) values (27,27,3,13)
Go
insert into nomination (nomination_id, candidate_id,consti_elec_id,party_id) values (28,28,3,13)
Go
insert into nomination (nomination_id, candidate_id,consti_elec_id,party_id) values (29,29,3,14)
Go
insert into nomination (nomination_id, candidate_id,consti_elec_id,party_id) values (30,30,3,13)
Go
insert into nomination (nomination_id, candidate_id,consti_elec_id,party_id) values (31,31,3,17)
Go
insert into nomination (nomination_id, candidate_id,consti_elec_id,party_id) values (32,32,3,13)
Go
insert into nomination (nomination_id, candidate_id,consti_elec_id,party_id) values (33,33,4,9)
Go
insert into nomination (nomination_id, candidate_id,consti_elec_id,party_id) values (34,34,4,1)
Go
insert into nomination (nomination_id, candidate_id,consti_elec_id,party_id) values (35,35,4,11)
Go
insert into nomination (nomination_id, candidate_id,consti_elec_id,party_id) values (36,36,4,12)
Go
insert into nomination (nomination_id, candidate_id,consti_elec_id,party_id) values (37,37,4,2)
Go
insert into nomination (nomination_id, candidate_id,consti_elec_id,party_id) values (38,38,4,13)
Go
insert into nomination (nomination_id, candidate_id,consti_elec_id,party_id) values (39,39,4,13)
Go
insert into nomination (nomination_id, candidate_id,consti_elec_id,party_id) values (40,40,4,14)
Go
insert into nomination (nomination_id, candidate_id,consti_elec_id,party_id) values (41,41,4,3)
Go
insert into nomination (nomination_id, candidate_id,consti_elec_id,party_id) values (42,42,4,23)
Go
insert into nomination (nomination_id, candidate_id,consti_elec_id,party_id) values (43,43,4,13)
Go
insert into nomination (nomination_id, candidate_id,consti_elec_id,party_id) values (44,44,4,17)
Go
insert into nomination (nomination_id, candidate_id,consti_elec_id,party_id) values (45,45,5,1)
Go
insert into nomination (nomination_id, candidate_id,consti_elec_id,party_id) values (46,46,5,9)
Go
insert into nomination (nomination_id, candidate_id,consti_elec_id,party_id) values (47,47,5,5)
Go
insert into nomination (nomination_id, candidate_id,consti_elec_id,party_id) values (48,48,5,12)
Go
insert into nomination (nomination_id, candidate_id,consti_elec_id,party_id) values (49,49,5,2)
Go
insert into nomination (nomination_id, candidate_id,consti_elec_id,party_id) values (50,50,5,3)
Go
insert into nomination (nomination_id, candidate_id,consti_elec_id,party_id) values (51,51,5,14)
Go
insert into nomination (nomination_id, candidate_id,consti_elec_id,party_id) values (52,52,5,13)
Go
insert into nomination (nomination_id, candidate_id,consti_elec_id,party_id) values (53,53,5,13)
Go
insert into nomination (nomination_id, candidate_id,consti_elec_id,party_id) values (54,54,5,13)
Go
insert into nomination (nomination_id, candidate_id,consti_elec_id,party_id) values (55,55,5,51)
Go
insert into nomination (nomination_id, candidate_id,consti_elec_id,party_id) values (56,56,6,1)
Go
insert into nomination (nomination_id, candidate_id,consti_elec_id,party_id) values (57,57,6,11)
Go
insert into nomination (nomination_id, candidate_id,consti_elec_id,party_id) values (58,58,6,9)
Go
insert into nomination (nomination_id, candidate_id,consti_elec_id,party_id) values (59,59,6,3)
Go
insert into nomination (nomination_id, candidate_id,consti_elec_id,party_id) values (60,60,6,2)
Go
insert into nomination (nomination_id, candidate_id,consti_elec_id,party_id) values (61,61,6,13)
Go
insert into nomination (nomination_id, candidate_id,consti_elec_id,party_id) values (62,62,6,13)
Go
insert into nomination (nomination_id, candidate_id,consti_elec_id,party_id) values (63,63,6,12)
Go
insert into nomination (nomination_id, candidate_id,consti_elec_id,party_id) values (64,64,6,13)
Go
insert into nomination (nomination_id, candidate_id,consti_elec_id,party_id) values (65,65,6,14)
Go
insert into nomination (nomination_id, candidate_id,consti_elec_id,party_id) values (66,66,6,13)
Go
insert into nomination (nomination_id, candidate_id,consti_elec_id,party_id) values (67,67,6,45)
Go
insert into nomination (nomination_id, candidate_id,consti_elec_id,party_id) values (68,68,7,11)
Go
insert into nomination (nomination_id, candidate_id,consti_elec_id,party_id) values (69,69,7,1)
Go
insert into nomination (nomination_id, candidate_id,consti_elec_id,party_id) values (70,70,7,9)
Go
insert into nomination (nomination_id, candidate_id,consti_elec_id,party_id) values (71,71,7,3)
Go
insert into nomination (nomination_id, candidate_id,consti_elec_id,party_id) values (72,72,7,12)
Go
insert into nomination (nomination_id, candidate_id,consti_elec_id,party_id) values (73,73,7,13)
Go
insert into nomination (nomination_id, candidate_id,consti_elec_id,party_id) values (74,74,7,14)
Go
insert into nomination (nomination_id, candidate_id,consti_elec_id,party_id) values (75,75,7,13)
Go
insert into nomination (nomination_id, candidate_id,consti_elec_id,party_id) values (76,76,8,11)
Go
insert into nomination (nomination_id, candidate_id,consti_elec_id,party_id) values (77,77,8,1)
Go
insert into nomination (nomination_id, candidate_id,consti_elec_id,party_id) values (78,78,8,9)
Go
insert into nomination (nomination_id, candidate_id,consti_elec_id,party_id) values (79,79,8,3)
Go
insert into nomination (nomination_id, candidate_id,consti_elec_id,party_id) values (80,80,8,12)
Go
insert into nomination (nomination_id, candidate_id,consti_elec_id,party_id) values (81,81,8,14)
Go
insert into nomination (nomination_id, candidate_id,consti_elec_id,party_id) values (82,82,8,13)
Go
insert into nomination (nomination_id, candidate_id,consti_elec_id,party_id) values (83,83,8,13)
Go
insert into nomination (nomination_id, candidate_id,consti_elec_id,party_id) values (84,84,8,13)
Go
insert into nomination (nomination_id, candidate_id,consti_elec_id,party_id) values (85,85,9,11)
Go
insert into nomination (nomination_id, candidate_id,consti_elec_id,party_id) values (86,86,9,1)
Go
insert into nomination (nomination_id, candidate_id,consti_elec_id,party_id) values (87,87,9,9)
Go
insert into nomination (nomination_id, candidate_id,consti_elec_id,party_id) values (88,88,9,2)
Go
insert into nomination (nomination_id, candidate_id,consti_elec_id,party_id) values (89,89,9,12)
Go
insert into nomination (nomination_id, candidate_id,consti_elec_id,party_id) values (90,90,9,13)
Go
insert into nomination (nomination_id, candidate_id,consti_elec_id,party_id) values (91,91,9,3)
Go
insert into nomination (nomination_id, candidate_id,consti_elec_id,party_id) values (92,92,9,14)
Go
insert into nomination (nomination_id, candidate_id,consti_elec_id,party_id) values (93,93,9,13)
Go
insert into nomination (nomination_id, candidate_id,consti_elec_id,party_id) values (94,94,10,11)
Go
insert into nomination (nomination_id, candidate_id,consti_elec_id,party_id) values (95,95,10,3)
Go
insert into nomination (nomination_id, candidate_id,consti_elec_id,party_id) values (96,96,10,1)
Go
insert into nomination (nomination_id, candidate_id,consti_elec_id,party_id) values (97,97,10,12)
Go
insert into nomination (nomination_id, candidate_id,consti_elec_id,party_id) values (98,98,10,6)
Go
insert into nomination (nomination_id, candidate_id,consti_elec_id,party_id) values (99,99,10,14)
Go
insert into nomination (nomination_id, candidate_id,consti_elec_id,party_id) values (100,100,10,9)
Go
insert into nomination (nomination_id, candidate_id,consti_elec_id,party_id) values (101,101,10,13)
Go
insert into nomination (nomination_id, candidate_id,consti_elec_id,party_id) values (102,102,10,13)
Go
insert into nomination (nomination_id, candidate_id,consti_elec_id,party_id) values (103,103,10,13)
Go
insert into nomination (nomination_id, candidate_id,consti_elec_id,party_id) values (104,104,10,13)
Go
insert into nomination (nomination_id, candidate_id,consti_elec_id,party_id) values (105,105,10,13)
Go
insert into nomination (nomination_id, candidate_id,consti_elec_id,party_id) values (106,106,10,13)
Go
insert into nomination (nomination_id, candidate_id,consti_elec_id,party_id) values (107,107,10,13)
Go
insert into constituency_election_result values(1,154795,154690,105,0,218392,8,1)
GO
insert into constituency_election_result values(2,148235,148137,98,0,189744,8,2)
GO
insert into constituency_election_result values(3,169090,169009,81,0,227019,0,3)
GO
insert into constituency_election_result values(4,106457,106389,68,0,199718,19,4)
GO
insert into constituency_election_result values(5,124393,124110,283,0,226860,0,5)
GO
insert into constituency_election_result values(6,155941,155930,11,0,195431,0,6)
GO
insert into constituency_election_result values(7,152885,152836,49,0,210646,0,7)
GO
insert into constituency_election_result values(8,159872,159872,0,0,212082,0,8)
GO
insert into constituency_election_result values(9,159924,159851,73,0,208287,5,9)
GO
insert into constituency_election_result values(10,147807,147807,0,0,197654,0,10)
GO
insert into candidate_result values(1,1,1,69219)
GO
insert into candidate_result values(2,1,2,50192)
GO
insert into candidate_result values(3,1,3,27352)
GO
insert into candidate_result values(4,1,4,3314)
GO
insert into candidate_result values(5,1,5,1133)
GO
insert into candidate_result values(6,1,6,1108)
GO
insert into candidate_result values(7,1,7,866)
GO
insert into candidate_result values(8,1,8,716)
GO
insert into candidate_result values(9,1,9,415)
GO
insert into candidate_result values(10,1,10,375)
GO
insert into candidate_result values(11,2,11,76907)
GO
insert into candidate_result values(12,2,12,58263)
GO
insert into candidate_result values(13,2,13,8772)
GO
insert into candidate_result values(14,2,14,1604)
GO
insert into candidate_result values(15,2,15,713)
GO
insert into candidate_result values(16,2,16,618)
GO
insert into candidate_result values(17,2,17,352)
GO
insert into candidate_result values(18,2,18,299)
GO
insert into candidate_result values(19,2,19,221)
GO
insert into candidate_result values(20,2,20,202)
GO
insert into candidate_result values(21,2,21,186)
GO
insert into candidate_result values(22,3,22,73212)
GO
insert into candidate_result values(23,3,23,65768)
GO
insert into candidate_result values(24,3,24,22624)
GO
insert into candidate_result values(25,3,25,1614)
GO
insert into candidate_result values(26,3,26,1379)
GO
insert into candidate_result values(27,3,27,1207)
GO
insert into candidate_result values(28,3,28,893)
GO
insert into candidate_result values(29,3,29,869)
GO
insert into candidate_result values(30,3,30,671)
GO
insert into candidate_result values(31,3,31,390)
GO
insert into candidate_result values(32,3,32,382)
GO
insert into candidate_result values(33,4,33,36103)
GO
insert into candidate_result values(34,4,34,36013)
GO
insert into candidate_result values(35,4,35,26173)
GO
insert into candidate_result values(36,4,36,3670)
GO
insert into candidate_result values(37,4,37,1950)
GO
insert into candidate_result values(38,4,38,853)
GO
insert into candidate_result values(39,4,39,427)
GO
insert into candidate_result values(40,4,40,372)
GO
insert into candidate_result values(41,4,41,320)
GO
insert into candidate_result values(42,4,42,264)
GO
insert into candidate_result values(43,4,43,148)
GO
insert into candidate_result values(44,4,44,96)
GO
insert into candidate_result values(45,5,45,46941)
GO
insert into candidate_result values(46,5,46,43810)
GO
insert into candidate_result values(47,5,47,23143)
GO
insert into candidate_result values(48,5,48,3460)
GO
insert into candidate_result values(49,5,49,2969)
GO
insert into candidate_result values(50,5,50,1400)
GO
insert into candidate_result values(51,5,51,925)
GO
insert into candidate_result values(52,5,52,568)
GO
insert into candidate_result values(53,5,53,403)
GO
insert into candidate_result values(54,5,54,247)
GO
insert into candidate_result values(55,5,55,244)
GO
insert into candidate_result values(56,6,56,73760)
GO
insert into candidate_result values(57,6,57,63476)
GO
insert into candidate_result values(58,6,58,11553)
GO
insert into candidate_result values(59,6,59,1895)
GO
insert into candidate_result values(60,6,60,1854)
GO
insert into candidate_result values(61,6,61,818)
GO
insert into candidate_result values(62,6,62,781)
GO
insert into candidate_result values(63,6,63,712)
GO
insert into candidate_result values(64,6,64,335)
GO
insert into candidate_result values(65,6,65,312)
GO
insert into candidate_result values(66,6,66,277)
GO
insert into candidate_result values(67,6,67,157)
GO
insert into candidate_result values(68,7,68,64330)
GO
insert into candidate_result values(69,7,69,53092)
GO
insert into candidate_result values(70,7,70,27318)
GO
insert into candidate_result values(71,7,71,2878)
GO
insert into candidate_result values(72,7,72,2710)
GO
insert into candidate_result values(73,7,73,1090)
GO
insert into candidate_result values(74,7,74,829)
GO
insert into candidate_result values(75,7,75,589)
GO
insert into candidate_result values(76,8,76,66089)
GO
insert into candidate_result values(77,8,77,60722)
GO
insert into candidate_result values(78,8,78,24832)
GO
insert into candidate_result values(79,8,79,3559)
GO
insert into candidate_result values(80,8,80,1746)
GO
insert into candidate_result values(81,8,81,1002)
GO
insert into candidate_result values(82,8,82,876)
GO
insert into candidate_result values(83,8,83,671)
GO
insert into candidate_result values(84,8,84,375)
GO
insert into candidate_result values(85,9,85,69731)
GO
insert into candidate_result values(86,9,86,62965)
GO
insert into candidate_result values(87,9,87,19970)
GO
insert into candidate_result values(88,9,88,1898)
GO
insert into candidate_result values(89,9,89,1520)
GO
insert into candidate_result values(90,9,90,1361)
GO
insert into candidate_result values(91,9,91,1240)
GO
insert into candidate_result values(92,9,92,697)
GO
insert into candidate_result values(93,9,93,469)
GO
insert into candidate_result values(94,10,94,55870)
GO
insert into candidate_result values(95,10,95,1308)
GO
insert into candidate_result values(96,10,96,69352)
GO
insert into candidate_result values(97,10,97,1747)
GO
insert into candidate_result values(98,10,98,326)
GO
insert into candidate_result values(99,10,99,540)
GO
insert into candidate_result values(100,10,100,14512)
GO
insert into candidate_result values(101,10,101,286)
GO
insert into candidate_result values(102,10,102,1827)
GO
insert into candidate_result values(103,10,103,309)
GO
insert into candidate_result values(104,10,104,240)
GO
insert into candidate_result values(105,10,105,388)
GO
insert into candidate_result values(106,10,106,516)
GO
insert into candidate_result values(107,10,107,586)
GO
